"Results","Z"
-30197.1288168951,-0.932903910623775
